"country","score_2015","score_2019","happiness_score_diff","economy_2015","economy_2019","economy_diff","family_2015","family_2019","family_diff","health_2015","health_2019","health_diff","freedom_2015","freedom_2019","freedom_diff","trust_2015","trust_2019","trust_diff","generosity_2015","generosity_2019","generosity_diff"
Venezuela,6.81,4.707,2.1030002,1.04424,0.96,0.08424002,1.25596,1.427,0.17104006,0.72052,0.805,0.08447999,0.42908,0.154,0.27508003,0.11069,0.047,0.06369,0.05841,0.064,0.005590003
Benin,3.34,4.883,1.543,0.28665,0.393,0.106350005,0.35386,0.437,0.083140016,0.3191,0.397,0.07790002,0.4845,0.349,0.13549998,0.0801,0.082,0.0019000024,0.1826,0.175,0.0076000094
Ivory Coast,3.655,4.944,1.2889998,0.46534,0.569,0.10366002,0.77115,0.808,0.036850035,0.15185,0.232,0.08014999,0.46866,0.352,0.11666,0.17922,0.09,0.08922,0.20165,0.154,0.047649994
Togo,2.839,4.085,1.246,0.20868,0.275,0.06632,0.13995,0.572,0.43205002,0.28443,0.41,0.12557,0.36453,0.293,0.071529984,0.10731,0.085,0.022309996,0.16681,0.177,0.010189995
Lesotho,4.898,3.802,1.0959997,0.37545,0.489,0.11355001,1.04103,1.169,0.12796998,0.07612,0.168,0.09188,0.31767,0.359,0.04133001,0.12504,0.093,0.032039993,0.16388,0.107,0.056880005
