"country","score_2015","score_2019","happiness_score_diff","economy_2015","economy_2019","economy_diff","family_2015","family_2019","family_diff","health_2015","health_2019","health_diff","freedom_2015","freedom_2019","freedom_diff","trust_2015","trust_2019","trust_diff","generosity_2015","generosity_2019","generosity_diff"
Nigeria,5.268,5.265,0.0030002594,0.65435,0.696,0.041649997,0.90432,1.111,0.20667994,0.16007,0.245,0.08493,0.34334,0.426,0.08265999,0.0403,0.041,0.0007,0.27233,0.215,0.057329983
Azerbaijan,5.212,5.208,0.00399971,1.02389,1.043,0.019109964,0.93793,1.147,0.20906997,0.64045,0.769,0.12855,0.3703,0.351,0.019299984,0.16065,0.182,0.021349996,0.07799,0.035,0.042990003
Belgium,6.937,6.923,0.013999939,1.30782,1.356,0.048179984,1.28566,1.504,0.21833992,0.89667,0.986,0.08933002,0.5845,0.473,0.111500025,0.2254,0.21,0.015400007,0.2225,0.16,0.0625
Comoros,3.956,3.973,0.01699996,0.23906,0.274,0.03493999,0.79273,0.757,0.035729945,0.36315,0.505,0.14185,0.22917,0.142,0.08716999,0.199,0.078,0.121,0.17441,0.275,0.100590006
France,6.575,6.592,0.017000198,1.27778,1.324,0.046219945,1.26038,1.472,0.21161997,0.94579,1.045,0.099209964,0.55011,0.436,0.11410999,0.20646,0.183,0.02346,0.12332,0.111,0.012319997
