"country","score_2015","score_2019","happiness_score_diff","economy_2015","economy_2019","economy_diff","family_2015","family_2019","family_diff","health_2015","health_2019","health_diff","freedom_2015","freedom_2019","freedom_diff","trust_2015","trust_2019","trust_diff","generosity_2015","generosity_2019","generosity_diff"
Benin,3.34,4.883,-1.543,0.28665,0.393,0.106350005,0.35386,0.437,0.083140016,0.3191,0.397,0.07790002,0.4845,0.349,0.13549998,0.0801,0.082,0.0019000024,0.1826,0.175,0.0076000094
Ivory Coast,3.655,4.944,-1.2889998,0.46534,0.569,0.10366002,0.77115,0.808,0.036850035,0.15185,0.232,0.08014999,0.46866,0.352,0.11666,0.17922,0.09,0.08922,0.20165,0.154,0.047649994
Togo,2.839,4.085,-1.246,0.20868,0.275,0.06632,0.13995,0.572,0.43205002,0.28443,0.41,0.12557,0.36453,0.293,0.071529984,0.10731,0.085,0.022309996,0.16681,0.177,0.010189995
Honduras,4.788,5.86,-1.072,0.59532,0.642,0.046680033,0.95348,1.236,0.28251994,0.6951,0.828,0.1329,0.40148,0.507,0.10552004,0.06825,0.078,0.009750001,0.23027,0.246,0.015730008
Burkina Faso,3.587,4.587,-1.0,0.25812,0.331,0.07288,0.85188,1.056,0.20411998,0.27125,0.38,0.108749986,0.39493,0.255,0.13993001,0.12832,0.113,0.015319996,0.21747,0.177,0.040470004
