"country","score_2015","score_2019","happiness_score_diff","economy_2015","economy_2019","economy_diff","family_2015","family_2019","family_diff","health_2015","health_2019","health_diff","freedom_2015","freedom_2019","freedom_diff","trust_2015","trust_2019","trust_diff","generosity_2015","generosity_2019","generosity_diff"
Venezuela,6.81,4.707,2.1030002,1.04424,0.96,0.08424002,1.25596,1.427,0.17104006,0.72052,0.805,0.08447999,0.42908,0.154,0.27508003,0.11069,0.047,0.06369,0.05841,0.064,0.005590003
Lesotho,4.898,3.802,1.0959997,0.37545,0.489,0.11355001,1.04103,1.169,0.12796998,0.07612,0.168,0.09188,0.31767,0.359,0.04133001,0.12504,0.093,0.032039993,0.16388,0.107,0.056880005
Zambia,5.129,4.107,1.0220003,0.47038,0.578,0.10762,0.91612,1.058,0.14187998,0.29924,0.426,0.12676,0.48827,0.431,0.05727002,0.12468,0.087,0.03768,0.19591,0.247,0.051089987
Zimbabwe,4.61,3.663,0.947,0.271,0.366,0.095,1.03276,1.114,0.08123994,0.33475,0.433,0.09825,0.25861,0.361,0.10238999,0.08079,0.089,0.008210003,0.18987,0.151,0.038870007
Haiti,4.518,3.597,0.92100024,0.26673,0.323,0.056270003,0.74302,0.688,0.055019975,0.38847,0.449,0.060530007,0.24425,0.026,0.21825,0.17175,0.11,0.061749995,0.46187,0.419,0.042870015
